131923,YGAWLPKLVSGKKSGQSAT,-0.416,0.668,0.105,31.358,0.263,0.368,0.211,2.756,10.001,0.145,-0.416,0.237,1.96305751800537
56411,KVRHAQVKRRAAKSGDL,-1.118,0.747,0,62.488,0.176,0.118,0.235,4.845,11.734,0.285,-1.118,0.293,1.89367377758026
68401,HASSAIPCFYFFFSQTSVE,0.474,0.463,0.263,41.422,0.368,0.263,0.158,-1.156,5.472,-0.061,0.474,0.503,1.83713471889496
116598,SPVKFEIGMQQLK,-0.3,0.823,0.077,72.931,0.308,0.231,0.231,0.461,8.311,0.035,-0.3,0.351,1.75544190406799
4319,IRVPIGKGLGTLSSVYLFE,0.7,1.332,0.105,12.374,0.474,0.316,0.211,0.766,8.59,0.04,0.7,0.352,1.75420129299164
71008,VFVFYNSHCWSYCAKIL,0.788,0.859,0.294,48.854,0.529,0.176,0.118,0.798,8.016,0.047,0.788,0.666,1.69313776493073
73513,SQYAYTPCVAPTWK,-0.429,0.35,0.214,20.757,0.286,0.214,0.143,0.447,7.899,0.032,-0.429,0.453,1.68051946163178
145318,SWKLWGNCGTGCTLSAL,0.282,0.747,0.118,14.747,0.294,0.353,0.235,0.439,7.788,0.026,0.282,0.336,1.66530072689056
135515,GPSTYLGFGSNQK,-0.823,0.3,0.154,18.246,0.231,0.538,0.077,0.758,8.591,0.058,-0.823,0.181,1.64299285411835
107158,HGHRIIGVYNFQK,-0.608,0.823,0.154,-16.108,0.385,0.231,0,1.932,9.994,0.149,-0.608,0.327,1.61009299755096
187330,GQTNPMCWPDPQISSHAL,-0.617,0.489,0.056,25.672,0.167,0.389,0.167,-1.162,5.076,-0.065,-0.617,0.714,1.60189616680145
75445,GFFLVIQRHKCAVVK,0.76,1.167,0.133,36.04,0.467,0.067,0.133,2.835,10.062,0.189,0.76,0.673,1.57538640499115
170495,TYEQCALAQINCLL,0.607,1.257,0.071,23.971,0.357,0.071,0.429,-1.62,4.05,-0.116,0.607,0.546,1.56680989265442
24903,WFFERRHCAAT,-0.509,0.182,0.273,78.673,0.273,0,0.273,0.84,8.259,0.076,-0.509,0.44,1.56515836715698
72768,VWLWQCMGFSWFGFND,0.375,0.425,0.375,47.55,0.5,0.25,0.125,-1.272,4.299,-0.08,0.375,0.526,1.54369103908539
59656,YGWQSQQSKIFDSGAGL,-0.635,0.518,0.176,94.629,0.294,0.353,0.118,-0.241,5.835,-0.014,-0.635,0.59,1.54329705238342
77125,VPPVLPGHQGPLL,0.454,1.346,0,68.492,0.385,0.462,0.231,-0.179,6.711,-0.014,0.454,0.818,1.53632962703705
163660,HVGTTPKNCRHQKWLSKL,-1.133,0.594,0.056,11.25,0.222,0.222,0.111,3.922,10.319,0.218,-1.133,0.272,1.52945065498352
178666,GGVTYHCYAHLKSYSGVET,-0.284,0.563,0.158,21.521,0.316,0.263,0.158,-0.077,6.908,-0.004,-0.284,0.498,1.52691256999969
167177,YFRSPYFHWWSIQGY,-0.693,0.26,0.467,60.34,0.533,0.267,0,0.844,8.504,0.056,-0.693,0.236,1.52156341075897
183536,RFSNIGNINFALSTYQLCF,0.358,0.874,0.211,43.347,0.421,0.316,0.158,0.749,8.222,0.039,0.358,0.154,1.51979732513428
193564,SWIHVQNVWRWLQRPDQSF,-0.847,0.716,0.211,99.063,0.421,0.211,0.053,0.548,9.338,0.029,-0.847,1.124,1.50305426120758
131154,LLWCLQCFAHKQQQSFFQD,-0.168,0.668,0.211,119.237,0.368,0.053,0.211,-0.169,6.735,-0.009,-0.168,0.798,1.49699831008911
62452,KHGNTKARIFHL,-0.867,0.733,0.083,-13.625,0.25,0.167,0.167,2.932,11.166,0.244,-0.867,0.727,1.48278260231018
108530,TIFCHWPVWVGKPL,0.629,0.971,0.214,20.693,0.5,0.214,0.071,0.474,7.92,0.034,0.629,0.878,1.48273897171021
114890,KAVSAWWILNTFCSKHKRR,-0.532,0.668,0.158,81.405,0.316,0.158,0.158,4.834,11.106,0.254,-0.532,0.619,1.47724950313568
22055,FVYHHGNMGNGCKTYT,-0.694,0.181,0.188,-19.419,0.25,0.312,0.062,0.922,8.193,0.058,-0.694,0.712,1.47559106349945
85470,INRFYSIIIVAAVVSDIVD,1.463,1.742,0.105,9.785,0.579,0.158,0.105,-1.235,4.536,-0.065,1.463,0.69,1.47508525848389
193298,QGPNHNPRKSTL,-1.95,0.325,0,20.217,0.083,0.5,0.083,1.846,11.001,0.154,-1.95,0.275,1.47283589839935
84829,KCRWIQHGHWSQL,-1.077,0.6,0.154,57.915,0.308,0.154,0.077,1.924,9.508,0.148,-1.077,0.636,1.46715533733368
126647,RCESSSGTLWWQFQFPVFF,-0.011,0.358,0.316,60.216,0.421,0.263,0.105,-0.247,5.995,-0.013,-0.011,0.434,1.46369290351868
14791,GHITLWSYAPWAPLK,0.027,0.913,0.2,78.28,0.4,0.267,0.267,0.845,8.598,0.056,0.027,0.227,1.45715367794037
7285,TWHRTCRVNYIDRRK,-1.633,0.453,0.133,48.26,0.267,0.067,0,3.475,10.847,0.232,-1.633,0.324,1.4553644657135